Results_ID,Fig_ID,control_mean,control_variation,control_n,treated_mean,treated_variation,treated_n,variation,n_definition,OBS_n,OBS_general,Protocol,Date_results,Field 15,Field 16
215,243,100.400,2.158,3,60.790,2.878,3,SEM,independent experiments,,,201,3/30/2022,,
216,244,100.000,,3,41.540,1.776,3,SD,replicates,"All measurements were
performed in triplicate",,203,4/17/2022,,
218,245,100.000,,3,70.390,2.078,3,SD,replicates,All measurements were performed in triplicate,,205,4/21/2022,,
219,246,99.970,,4,71.490,1.433,4,SD,independent experiments,Barra do controle sem erro ou desvio padrão,,206,4/22/2022,,
220,247,100.000,19.770,,72.090,19.770,,SD,Not informed,"Não menciona o número de unidades experimentais do grupo controle e, tampouco, do grupo experimental",,207,4/23/2022,,
221,247,100.000,19.770,,74.420,3.488,,SD,Not informed,"Não menciona o número de unidades experimentais do grupo controle e, tampouco, do grupo experimental",,210,4/23/2022,,
222,247,100.000,19.770,,56.200,3.101,,SD,Not informed,"Não menciona o número de unidades experimentais do grupo controle e, tampouco, do grupo experimental",,211,4/23/2022,,
223,247,100.000,19.770,,38.370,2.713,,SD,Not informed,"Não menciona o número de unidades experimentais do grupo controle e, tampouco, do grupo experimental",,212,4/23/2022,,
224,247,100.000,19.770,,14.340,1.163,,SD,Not informed,"Não menciona o número de unidades experimentais do grupo controle e, tampouco, do grupo experimental",,213,4/23/2022,,
225,248,99.610,20.380,,39.230,1.538,,SD,Not informed,"Não menciona o número de unidades experimentais do grupo controle e, tampouco, do grupo experimental",,214,4/23/2022,,
226,249,100.000,,3,61.870,7.023,3,SEM,independent experiments,"Data represent the mean
of at least 3 triplicate experiments",,215,4/24/2022,,
227,250,100.000,,3,56.190,7.023,3,SEM,independent experiments,"Data represent the mean
of at least 3 triplicate experiments",,216,4/24/2022,,
228,251,100.000,,3,56.520,0.000,3,SEM,independent experiments,"Data represent the mean
of at least 3 triplicate experiments; For some treatments error
margins were too small to be visible on the graphs",,217,4/24/2022,,
229,252,100.000,,3,67.890,0.000,3,SEM,independent experiments,"Data represent the mean
of at least 3 triplicate experiments; For some treatments error
margins were too small to be visible on the graphs",,218,4/24/2022,,
230,253,100.000,,3,60.530,0.000,3,SEM,independent experiments,"Data represent the mean
of at least 3 triplicate experiments; For some treatments error
margins were too small to be visible on the graphs",,219,4/24/2022,,
231,254,97.360,1.509,,29.430,0.377,,Unclear,Not informed,"Não menciona o número de unidades experimentais do grupo controle e, tampouco, do grupo experimental. ",,220,4/24/2022,,
232,255,100.000,2.381,,32.140,1.190,,Unclear,Not informed,"Não menciona o número de unidades experimentais do grupo controle e, tampouco, do grupo experimental. ",,221,4/24/2022,,
233,256,99.290,2.827,3,58.660,2.827,3,SEM,independent experiments,Each bar displays the values of % cell viability as the mean±SEM of three separate experiments (n=3),,222,4/24/2022,,
234,257,100.000,,3,77.740,3.534,3,Unclear,replicates, All data presented are based on n≥3,,223,4/24/2022,,
235,259,1.000,0.003,3,0.282,0.027,3,SD,independent experiments,Means ± SD of three experiments are shown,,224,4/25/2022,,
236,259,1.000,0.003,3,0.218,0.035,3,SD,independent experiments,Means ± SD of three experiments are shown,,225,4/25/2022,,
237,259,1.000,0.003,3,0.602,0.038,3,SD,independent experiments,Means ± SD of three experiments are shown,,226,4/25/2022,,
238,260,96.630,2.996,3,35.960,3.371,3,SEM,independent experiments, Values are represented as mean ± SEM of three separate experiments,,227,4/27/2022,,
248,263,100.400,4.846,3,51.980,0.441,3,SD,replicates,"The
experiments were performed in triplicate",,238,5/2/2022,,
249,264,100.500,1.201,3,29.580,2.395,3,SD,replicates,"Experiments 
were performed in triplicate",,239,5/4/2022,,
250,265,100.000,1.569,,38.890,4.060,,SD,,,"Campos em branco: não informado na legenda da figura e nem em Material e métodos...
",240,5/4/2022,,
251,266,100.000,0.645,5,54.840,1.935,5,SD,independent experiments,"Data are
represented as mean ± SD of five independent experiments",,241,5/4/2022,,
252,267,99.490,0.009,10,55.570,0.420,10,SD,replicates,"Each bar represents
the mean ± SD (n = 10).",,242,5/4/2022,,
253,268,100.700,0.000,4,100.200,3.423,4,SEM,replicates,"The figure displays the
mean ± SEM; n = 4 for non-differentiated cells",,243,5/5/2022,,
254,268,100.700,0.000,4,57.400,8.700,4,SEM,replicates,"The figure displays the
mean ± SEM; n = 4 for non-differentiated cells",,244,5/5/2022,,
255,269,100.000,0.000,4,51.300,4.200,4,SEM,replicates,"The figure displays the
mean ± SEM; n = 4 for dbcAMP cells",,245,5/5/2022,,
256,269,100.000,0.000,4,37.200,1.700,4,SEM,replicates,"The figure displays the
mean ± SEM; n = 4 for dbcAMP cells",,246,5/5/2022,,
257,270,100.000,0.000,10,59.400,5.300,10,SEM,replicates,"The figure displays the
mean ± SEM; n = 10 for RA/BDNF cells",,247,5/5/2022,,
258,270,100.000,0.000,10,77.200,6.800,10,SEM,replicates,"The figure displays the
mean ± SEM; n = 10 for RA/BDNF cells",,248,5/5/2022,,
259,271,100.000,0.000,6,85.700,3.700,6,SEM,replicates,"The figure displays the
mean ± SEM; n = 6 for RA/TPA cells",,249,5/5/2022,,
260,271,100.000,0.000,6,102.600,5.300,6,SEM,replicates,"The figure displays the
mean ± SEM; n = 6 for RA/TPA cells",,250,5/5/2022,,
261,272,100.300,7.181,3,81.120,6.649,3,SD,independent experiments,"Values are means ± S.D. of three independent
experiments",,251,5/5/2022,,
262,273,100.000,5.217,,56.090,5.217,,SEM,Not informed,"Não menciona o número de unidades experimentais do grupo controle e, tampouco, do grupo experimental. ",,252,5/6/2022,,
263,274,99.440,0.563,,57.750,4.225,,SEM,Not informed,"Não menciona o número de unidades experimentais do grupo controle e, tampouco, do grupo experimental. ",,254,5/6/2022,,
264,275,99.180,2.820,,54.420,2.258,,SEM,Not informed,"Não menciona o número de unidades experimentais do grupo controle e, tampouco, do grupo experimental. ",,255,5/6/2022,,
265,276,101.000,4.000,3,62.000,4.000,3,SD,independent experiments,Each value is the mean percentage cell survival ± SD from triplicate experiments repeated 3 times (9 observations),,256,5/6/2022,,
266,277,1.000,0.173,3,0.779,0.072,3,SD,independent experiments,"The data shown are expressed as the percentage of control values
from three independent experiments with each experimental value being the average of six replicate wells",,257,5/12/2022,,
267,278,100.000,,3,74.530,2.247,3,SD,independent experiments,The data  were obtained from at least three independent experiments for each experimental condition,,258,5/12/2022,,
268,279,100.000,,3,66.420,1.866,3,SD,independent experiments,The data  were obtained from at least three independent experiments for each experimental condition,,259,5/12/2022,,
269,280,0.799,0.013,2,0.535,0.049,2,Unclear,independent experiments,Medidas feitas em quadruplicata. The assays were repeated twice and representative samples are shown,,260,5/13/2022,,
270,281,100.000,,3,95.770,2.022,3,SEM,independent experiments,"Data was presented as mean ± SE
from at least three independent experiments unless otherwise
specified.",0 time (days) Ab was pre-incubated,261,5/13/2022,,
271,281,100.000,,3,79.780,4.228,3,SEM,independent experiments,"Data was presented as mean ± SE
from at least three independent experiments unless otherwise
specified.",3 time (days) Ab was pre-incubated,262,5/14/2022,,
272,281,100.000,,3,89.150,5.331,3,SEM,independent experiments,"Data was presented as mean ± SE
from at least three independent experiments unless otherwise
specified.",5 time (days) Ab was pre-incubated,263,5/14/2022,,
273,281,100.000,,3,100.200,2.390,3,SEM,independent experiments,"Data was presented as mean ± SE
from at least three independent experiments unless otherwise
specified.",7 time (days) Ab was pre-incubated,264,5/14/2022,,
274,281,100.000,,3,105.100,2.757,3,SEM,independent experiments,"Data was presented as mean ± SE
from at least three independent experiments unless otherwise
specified.",10 time (days) Ab was pre-incubated,265,5/14/2022,,
275,281,100.000,,3,96.320,4.044,3,SEM,independent experiments,"Data was presented as mean ± SE
from at least three independent experiments unless otherwise
specified.",14 time (days) Ab was pre-incubated,266,5/14/2022,,
276,281,100.000,,3,102.400,3.125,3,SEM,independent experiments,"Data was presented as mean ± SE
from at least three independent experiments unless otherwise
specified.",21 time (days) Ab was pre-incubated,267,5/14/2022,,
277,282,100.000,,3,66.130,1.597,3,SD,independent experiments,"The data presented in this study were
obtained from at least three independent experiments for each
experimental condition.",,268,5/14/2022,,
278,283,0.377,0.044,3,0.435,0.041,3,SD,replicates,All assays were conducted in triplicate,"Day 1. A suspensão de células foi tratada ou não com abeta por 48 horas e depois plaqueada em placas de 96 poços, com a análise da absorbância no dia 1 ",269,5/15/2022,,
279,283,0.507,0.010,3,0.257,0.038,3,SD,replicates,All assays were conducted in triplicate,"Day 2. A suspensão de células foi tratada ou não com abeta por 48 horas e depois plaqueada em placas de 96 poços, com a análise da absorbância no dia 2 ",270,5/15/2022,,
280,283,0.648,0.022,3,0.207,0.030,3,SD,replicates,All assays were conducted in triplicate,"Day 3. A suspensão de células foi tratada ou não com abeta por 48 horas e depois plaqueada em placas de 96 poços, com a análise da absorbância no dia 3 ",271,5/15/2022,,
281,283,0.803,0.025,3,0.205,0.014,3,SD,replicates,All assays were conducted in triplicate,"Day 4. A suspensão de células foi tratada ou não com abeta por 48 horas e depois plaqueada em placas de 96 poços, com a análise da absorbância no dia 4 ",272,5/15/2022,,
282,284,100.200,5.700,,57.600,3.300,,Unclear,Not informed,"Não menciona o número de unidades experimentais do grupo controle e, tampouco, do grupo experimental. ",,273,5/15/2022,,
283,284,100.200,5.700,,96.000,5.700,,Unclear,Not informed,"Não menciona o número de unidades experimentais do grupo controle e, tampouco, do grupo experimental. ",,274,5/16/2022,,
284,285,99.630,2.714,3,84.300,2.032,3,SD,independent experiments,The data were expressed as mean ± SD from at least three independent experiments,,275,5/19/2022,,
285,285,99.630,2.714,3,78.470,3.729,3,SD,independent experiments,The data were expressed as mean ± SD from at least three independent experiments,,276,5/19/2022,,
286,285,99.630,2.714,3,68.230,2.712,3,SD,independent experiments,The data were expressed as mean ± SD from at least three independent experiments,,277,5/19/2022,,
287,285,99.630,2.714,3,53.920,3.391,3,SD,independent experiments,The data were expressed as mean ± SD from at least three independent experiments,,278,5/19/2022,,
288,285,99.630,2.714,3,46.050,2.718,3,SD,independent experiments,The data were expressed as mean ± SD from at least three independent experiments,,279,5/19/2022,,
289,286,100.000,5.211,3,94.560,5.208,3,SD,independent experiments,The data were expressed as mean ± SD from at least three independent experiments,,280,5/19/2022,,
290,286,100.000,5.211,3,63.040,3.471,3,SD,independent experiments,The data were expressed as mean ± SD from at least three independent experiments,,281,5/20/2022,,
291,286,100.000,5.211,3,59.650,3.125,3,SD,independent experiments,The data were expressed as mean ± SD from at least three independent experiments,,282,5/20/2022,,
292,286,100.000,5.211,3,56.250,4.165,3,SD,independent experiments,The data were expressed as mean ± SD from at least three independent experiments,,283,5/20/2022,,
293,290,100.300,1.024,3,55.350,9.145,3,SD,independent experiments,The data were expressed as mean ± SD from at least three independent experiments,,284,5/20/2022,,
294,290,100.200,3.860,3,92.830,4.940,3,SD,independent experiments,The data were expressed as mean ± SD from at least three independent experiments,,285,5/20/2022,,
295,290,100.200,3.860,3,85.920,2.779,3,SD,independent experiments,The data were expressed as mean ± SD from at least three independent experiments,,286,5/20/2022,,
296,290,100.200,3.860,3,75.930,1.851,3,SD,independent experiments,The data were expressed as mean ± SD from at least three independent experiments,,287,5/20/2022,,
297,290,100.200,3.860,3,68.250,3.089,3,SD,independent experiments,The data were expressed as mean ± SD from at least three independent experiments,,288,5/20/2022,,
298,293,97.188,0.469,3,95.781,5.156,3,Unclear,replicates,Each sample was prepared as triplicates,Resultados convertidos para % de viabilidade celular,289,5/20/2022,,
299,293,97.188,0.469,3,89.690,4.687,3,Unclear,replicates,Each sample was prepared as triplicates,Resultados convertidos para % de viabilidade celular,290,5/21/2022,,
300,293,97.188,0.469,3,86.880,5.156,3,Unclear,replicates,Each sample was prepared as triplicates,Resultados convertidos para % de viabilidade celular,291,5/21/2022,,
301,293,97.188,0.469,3,76.560,6.562,3,Unclear,replicates,Each sample was prepared as triplicates,Resultados convertidos para % de viabilidade celular,292,5/21/2022,,
302,293,97.188,0.469,3,55.000,4.687,3,Unclear,replicates,Each sample was prepared as triplicates,Resultados convertidos para % de viabilidade celular,293,5/21/2022,,
303,293,97.188,0.469,3,50.310,4.687,3,Unclear,replicates,Each sample was prepared as triplicates,Resultados convertidos para % de viabilidade celular,294,5/21/2022,,
304,293,97.188,0.469,3,34.380,8.437,3,Unclear,replicates,Each sample was prepared as triplicates,Resultados convertidos para % de viabilidade celular,295,5/21/2022,,
305,294,95.510,2.247,3,86.070,1.798,3,Unclear,replicates,Each sample was prepared as triplicates,Resultados convertidos para % de viabilidade celular,296,5/22/2022,,
306,294,95.510,2.247,3,84.720,2.247,3,Unclear,replicates,Each sample was prepared as triplicates,Resultados convertidos para % de viabilidade celular,297,5/22/2022,,
307,294,95.510,2.247,3,65.390,5.393,3,Unclear,replicates,Each sample was prepared as triplicates,Resultados convertidos para % de viabilidade celular,298,5/22/2022,,
308,294,95.510,2.247,3,62.250,2.247,3,Unclear,replicates,Each sample was prepared as triplicates,Resultados convertidos para % de viabilidade celular,299,5/22/2022,,
309,294,95.510,2.247,3,51.010,4.944,3,Unclear,replicates,Each sample was prepared as triplicates,Resultados convertidos para % de viabilidade celular,300,5/22/2022,,
310,294,95.510,2.247,3,46.970,5.393,3,Unclear,replicates,Each sample was prepared as triplicates,Resultados convertidos para % de viabilidade celular,301,5/22/2022,,
311,294,95.510,2.247,3,22.250,7.191,3,Unclear,replicates,Each sample was prepared as triplicates,Resultados convertidos para % de viabilidade celular,302,5/22/2022,,
312,295,92.577,2.887,3,49.280,2.062,3,Unclear,replicates,Each sample was prepared as triplicates,Resultados convertidos para % de viabilidade celular,303,5/22/2022,,
313,296,96.952,4.190,3,50.100,3.429,3,Unclear,replicates,Each sample was prepared as triplicates,Resultados convertidos para % de viabilidade celular,304,5/22/2022,,
314,297,110.200,1.015,7,55.040,1.510,7,SEM,independent experiments ,Data from at least three independent experiments were expressed as the mean ± standard error (SEM),,305,5/22/2022,,
315,297,110.200,1.015,7,50.210,0.017,7,SEM,independent experiments,Data from at least three independent experiments were expressed as the mean ± standard error (SEM),,306,5/24/2022,,
316,297,110.200,1.015,7,51.850,1.513,7,SEM,independent experiments,Data from at least three independent experiments were expressed as the mean ± standard error (SEM),,307,5/24/2022,,
317,297,110.200,1.015,7,49.010,2.012,7,SEM,independent experiments,Data from at least three independent experiments were expressed as the mean ± standard error (SEM),,308,5/24/2022,,
318,298,100.600,1.660,3,65.050,2.188,3,SEM,independent experiments, Results are means ± SEM of three independent experiments,,309,5/24/2022,,
319,299,100.800,3.318,3,67.480,5.944,3,SEM,independent experiments,Results are means ± SEM of three independent experiments,,310,5/25/2022,,
320,300,100.000,,4,95.890,,4,SD,replicates,"Não deu para extrair o valor do desvio padrão. Pontos da curva dose x tempos de pré-incubação  muito próximos e desvios ""embolados""...",0h de pré-incubação do peptídeo Aß1-42 ,311,5/25/2022,,
321,300,100.000,,4,92.410,,4,SD,replicates,"Não deu para extrair o valor do desvio padrão. Pontos da curva dose x tempos de pré-incubação  muito próximos e desvios ""embolados""...",0h de pré-incubação do peptídeo Aß1-42 ,312,5/25/2022,,
322,300,100.000,,4,92.720,7.278,4,SD,replicates,,0h de pré-incubação do peptídeo Aß1-42 ,313,5/25/2022,,
323,300,100.000,,4,76.580,,4,SD,replicates,"Não deu para extrair o valor do desvio padrão. Pontos da curva dose x tempos de pré-incubação  muito próximos e desvios ""embolados""...",0h de pré-incubação do peptídeo Aß1-42,314,5/25/2022,,
324,300,100.000,,4,72.150,,4,SD,replicates,"Não deu para extrair o valor do desvio padrão. Pontos da curva dose x tempos de pré-incubação  muito próximos e desvios ""embolados""...",0h de pré-incubação do peptídeo Aß1-42,315,5/25/2022,,
325,300,100.000,,4,63.920,,4,SD,replicates,"Não deu para extrair o valor do desvio padrão. Pontos da curva dose x tempos de pré-incubação  muito próximos e desvios ""embolados""...",0h de pré-incubação do peptídeo Aß1-42,316,5/25/2022,,
326,300,100.000,,4,63.290,,4,SD,replicates,"Não deu para extrair o valor do desvio padrão. Pontos da curva dose x tempos de pré-incubação  muito próximos e desvios ""embolados""...",0h de pré-incubação do peptídeo Aß1-42,317,5/25/2022,,
327,300,100.000,,4,62.970,,4,SD,replicates,"Não deu para extrair o valor do desvio padrão. Pontos da curva dose x tempos de pré-incubação  muito próximos e desvios ""embolados""...",0h de pré-incubação do peptídeo Aß1-42,318,5/25/2022,,
328,300,100.000,,4,56.330,,4,SD,replicates,"Não deu para extrair o valor do desvio padrão. Pontos da curva dose x tempos de pré-incubação  muito próximos e desvios ""embolados""...",0h de pré-incubação do peptídeo Aß1-42,319,5/26/2022,,
329,300,100.000,,4,57.910,,4,SD,replicates,"Não deu para extrair o valor do desvio padrão. Pontos da curva dose x tempos de pré-incubação  muito próximos e desvios ""embolados""...",0h de pré-incubação do peptídeo Aß1-42,320,5/26/2022,,
330,300,100.000,,4,52.530,,4,SD,replicates,"Não deu para extrair o valor do desvio padrão. Pontos da curva dose x tempos de pré-incubação  muito próximos e desvios ""embolados""...",0h de pré-incubação do peptídeo Aß1-42,321,5/26/2022,,
331,301,99.940,2.899,3,99.980,2.897,3,SD,independent experiments ,"All measurements were performed in triplicate and each experiment was repeated at least
three times",,322,5/26/2022,,
332,301,99.940,2.899,3,99.050,3.539,3,SD,independent experiments ,"All measurements were performed in triplicate and each experiment was repeated at least
three times",,323,5/26/2022,,
333,301,99.940,2.899,3,97.490,1.606,3,SD,independent experiments ,"All measurements were performed in triplicate and each experiment was repeated at least
three times",,324,5/26/2022,,
334,301,99.940,2.899,3,98.170,6.108,3,SD,independent experiments,"All measurements were performed in triplicate and each experiment was repeated at least
three times",,325,5/26/2022,,
335,301,99.940,2.899,3,98.850,3.216,3,SD,independent experiments,"All measurements were performed in triplicate and each experiment was repeated at least
three times",,326,5/26/2022,,
336,301,99.940,2.899,3,96.960,4.827,3,SD,independent experiments,"All measurements were performed in triplicate and each experiment was repeated at least
three times",,327,5/26/2022,,
337,301,99.940,2.899,3,100.200,2.893,3,SD,independent experiments,"All measurements were performed in triplicate and each experiment was repeated at least
three times",,328,5/26/2022,,
338,302,100.300,4.250,3,89.820,2.250,3,SD,Not informed,Values represent means +- standard deviation (n maior ou igual a 3),"Preformed Ab aggregates were
prepared by incubating 50 uM Ab monomers at 37oC for 0 day
",329,5/27/2022,,
339,302,100.300,4.250,3,71.620,2.750,3,SD,Not informed,Values represent means +- standard deviation (n maior ou igual a 3),"Preformed Ab aggregates were
prepared by incubating 50 uM Ab monomers at 37oC for 1 day",330,5/27/2022,,
340,302,100.300,4.250,3,68.920,2.999,3,SD,Not informed,Values represent means +- standard deviation (n maior ou igual a 3),"Preformed Ab aggregates were
prepared by incubating 50 uM Ab monomers at 37oC for 2 days",331,5/27/2022,,
341,302,100.300,4.250,3,65.970,1.498,3,SD,Not informed,Values represent means +- standard deviation (n maior ou igual a 3),"Preformed Ab aggregates were
prepared by incubating 50 uM Ab monomers at 37oC for 3 days",332,5/27/2022,,
342,303,100.000,,3,71.550,2.857,3,SD,Not informed,Values represent means +- standard deviation (n maior ou igual a 3),"Preformed Ab aggregates were
prepared by incubating 50 uM Ab monomers at 37oC for 1 day. A barra do controle não foi mostrada...",333,5/27/2022,,
343,304,100.000,,3,52.190,7.018,3,SD,replicates,Data were expressed as percentages of controls (vehicle) for three separate replicates.,,334,5/28/2022,,
344,305,100.000,,3,47.350,6.195,3,SD,replicates,"Values 
are mean ± standard deviation of three replicates",,335,5/28/2022,,
345,306,100.000,,3,51.560,8.930,3,SD,replicates,Values are mean ± standard deviation of three replicates,,336,5/29/2022,,
346,307,99.450,2.506,,74.120,1.799,,Unclear,Not informed,"Não menciona o número de unidades experimentais do grupo controle e, tampouco, do grupo experimental. ",,337,5/29/2022,,
347,307,99.450,2.506,,77.650,1.786,,Unclear,Not informed,"Não menciona o número de unidades experimentais do grupo controle e, tampouco, do grupo experimental. ",,338,5/29/2022,,
348,307,99.200,0.726,,70.280,0.708,,Unclear,Not informed,"Não menciona o número de unidades experimentais do grupo controle e, tampouco, do grupo experimental. ",,339,5/29/2022,,
349,307,99.200,0.726,,56.250,1.080,,Unclear,Not informed,"Não menciona o número de unidades experimentais do grupo controle e, tampouco, do grupo experimental. ",,340,5/29/2022,,
350,307,99.300,2.869,,40.640,4.662,,Unclear,Not informed,"Não menciona o número de unidades experimentais do grupo controle e, tampouco, do grupo experimental. ",,341,5/29/2022,,
351,307,99.300,2.869,,80.720,4.298,,Unclear,Not informed,"Não menciona o número de unidades experimentais do grupo controle e, tampouco, do grupo experimental. ",,342,5/29/2022,,
352,308,100.000,,6,67.720,4.118,6,Unclear,replicates,,"All experiments were performed in sextuplicate, and the relative cell viability was normalized by the
control (cells cultured alone). Não apresenta barra relativa ao controle",343,5/29/2022,,
353,308,100.000,,6,55.100,3.824,6,Unclear,replicates,,"All experiments were performed in sextuplicate, and the relative cell viability was normalized by the
control (cells cultured alone). Não apresenta barra relativa ao controle",344,5/29/2022,,
354,309,99.350,,3,28.940,2.251,3,SEM,independent experiments ,,Barra do controle sem o descio...,345,5/30/2022,,
355,310,100.000,3.570,3,71.410,6.716,3,SD,independent experiments ,,"Data are
means ± SD of three independent experiments.",346,5/30/2022,,
356,311,104.000,4.000,,104.000,6.000,,Unclear,Not informed,"Não menciona o número de unidades experimentais do grupo controle e, tampouco, do grupo experimental. ",,347,5/30/2022,,
357,311,104.000,4.000,,91.000,7.000,,Unclear,Not informed,"Não menciona o número de unidades experimentais do grupo controle e, tampouco, do grupo experimental. ",,348,5/30/2022,,
358,311,104.000,4.000,,76.000,7.000,,Unclear,Not informed,"Não menciona o número de unidades experimentais do grupo controle e, tampouco, do grupo experimental. ",,349,5/30/2022,,
359,312,100.000,,3,74.070,7.576,3,SD,independent experiments ,"The reported
data are expressed as mean +- SD of at least three independent experiments","Não é apresentada a barra do controle com o desvio padrão
",350,5/30/2022,,
360,313,100.000,,3,93.030,5.575,3,SD,independent experiments ,"The reported
data are expressed as mean +- SD of at least three independent experiments",É apresentada a barra do controle sem o desvio padrão,351,5/30/2022,,
361,314,100.000,,3,73.910,1.174,3,SD,independent experiments ,"Results were obtained in four individual
experiments. Error bar indicate the mean +- SD","Barra do controle sem o desvio
...",352,5/30/2022,,
362,315,100.400,2.744,3,46.340,6.849,3,SEM,independent experiments ,"All data are presented as the mean ± SEM from triplicate independent 
experiments",,353,5/30/2022,,
363,316,99.990,,3,80.540,1.556,3,SEM,independent experiments ,"Results are expressed as the percentage of SH-SY5Y untreated cells, with the mean ± S.E.M. derived
from 3 different experiments",Barra do controle sem o erro...,355,5/30/2022,,
364,317,101.300,2.114,3,49.440,1.692,3,SEM,replicates,The experiments were performed in triplicate,,356,5/30/2022,,
365,318,100.200,1.035,3,49.880,6.588,3,SD,independent experiments ,Each experiment was repeated at least 3 times,,357,5/31/2022,,
366,319,98.160,1.247,6,47.640,1.250,6,SEM,replicates,"n = 6 in individual 
group",,358,5/31/2022,,
367,320,101.300,3.627,3,82.820,5.743,3,SD,replicates,Each treatment was performed in triplicate,,359,6/1/2022,,
368,320,101.300,3.627,3,63.480,5.441,3,SD,replicates,Each treatment was performed in triplicate,,360,6/1/2022,,
369,320,101.300,3.627,3,40.500,5.139,3,SD,replicates,Each treatment was performed in triplicate,,361,6/1/2022,,
370,321,99.700,3.049,3,62.800,6.098,3,SEM,replicates,Cell viability represents mean ± SEM (n=3). All experiments were carried out at least in triplicate,,362,6/1/2022,,
371,322,99.780,,4,54.460,4.239,4,SD,independent experiments ,Each of the four independent experiments was conducted in triplicate,Barra do controle sem o desvio...,363,6/1/2022,,
372,323,95.510,5.113,3,49.030,5.679,3,SD,replicates,"All assays were performed in triplicate.
Cell viability was assessed by CCK8 assay (n = 3)",,364,6/1/2022,,
373,324,100.600,4.018,3,54.960,4.519,3,SD,replicates,All assays were performed in triplicate. Cell viability measured by CCK8 assay (n = 3),,365,6/1/2022,,
374,325,106.400,7.389,3,53.940,6.650,3,SD,replicates,All assays were performed in triplicate. Cell viability measured by CCK8 assay (n = 3),,366,6/2/2022,,
375,326,100.000,5.843,,46.746,8.101,,SD,Not informed,"Não menciona o número de unidades experimentais do grupo controle e, tampouco, do grupo experimental. ",,367,6/2/2022,,
376,327,100.000,1.843,3,60.350,3.675,3,SEM,independent experiments ,"Each bar displays the values of % cell viability
as the mean ± SEM of three separate experiments (n = 3).",,368,6/2/2022,,
377,328,100.000,,4,62.550,2.915,4,SD,independent experiments ," Values represent mean of means 6 SD of four separate experiments, each performed in triplicate (i.e. n = 12)",Barra do controle sem o desvio...,369,6/2/2022,,
378,329,100.000,,4,61.220,4.082,4,SD,independent experiments ," Values represent mean of means 6 SD of four separate experiments, each performed in triplicate (i.e. n = 12)",Barra do controle sem o desvio...,370,6/2/2022,,
379,330,100.000,4.979,3,58.920,2.905,3,SEM,independent experiments ,The data is expressed as mean values ± SEM from three independent experiments.,,371,6/2/2022,,
380,331,100.000,,3,51.960,6.042,3,SD,independent experiments ,"The error bars represent
mean +- SD for three independent experiments (n = 3)",Barra do controle sem o desvio...,372,6/2/2022,,
381,332,99.950,4.930,6,34.990,9.092,6,SD,replicates, Shown are mean A560 values of 6 wells S.D. expressed as percent of the control value observed in the absence of Abeta40 (labeled diluent),,373,6/3/2022,,
382,333,99.850,1.427,3,49.210,3.309,3,SEM,independent experiments ,"Each assay including
MTT, LDH, and cell death were carried out using at least six wells of
three independent experiments.",,374,6/6/2022,,
383,334,99.730,4.835,5,51.140,1.505,5,SD,independent experiments ,Data are represented as mean ± SD of five independent experiments,,375,6/7/2022,,
384,335,101.300,5.298,3,50.330,2.649,3,SD,replicates,"Data presented are the mean OD values
(±SD) of triplicate samples",,376,6/9/2022,,
385,336,98.090,5.714,6,65.710,5.714,6,SEM,UNCLEAR,Data are expressed as mean ± SEM (n = 6),,377,6/9/2022,,
386,337,99.700,18.250,,52.080,15.130,,Unclear,UNCLEAR,"Não menciona o número de unidades experimentais do grupo controle e, tampouco, do grupo experimental. ",,378,6/9/2022,,
387,338,99.850,3.562,18,70.370,3.014,18,SEM,Unclear, Experimental errors are S.E.M. (n = 18 for MTT). ,"Aβ1-
42 species: A+",379,9/4/2022,,
388,338,99.850,3.562,18,94.600,3.150,18,SEM,Unclear, Experimental errors are S.E.M. (n = 18 for MTT). ,"Aβ1-
42 species: A-",380,9/4/2022,,
389,338,99.850,3.562,18,71.700,4.384,18,SEM,Unclear, Experimental errors are S.E.M. (n = 18 for MTT). ,"Aβ1-
42 species: ADDLs",381,9/4/2022,,
390,338,99.850,3.562,18,82.090,3.151,18,SEM,unclear, Experimental errors are S.E.M. (n = 18 for MTT). ,"Aβ1-
42 species: Ladiwala fibrils",382,9/4/2022,,
391,338,99.850,3.562,18,81.790,1.644,18,SEM,unclear,Experimental errors are S.E.M. (n = 18 for MTT). ,"Aβ1-
42 species: Lambert fibrils",383,9/4/2022,,
392,339,100.000,,18,68.260,5.498,18,SEM,unclear,Experimental errors are S.E.M. (n = 18 per group for MTT,Não é apresentada a barra do controle com o erro padrão,384,9/4/2022,,
393,339,100.000,,18,74.760,5.223,18,SEM,unclear,Experimental errors are S.E.M. (n = 18 per group for MTT,Não é apresentada a barra do controle com o erro padrão,385,9/5/2022,,
394,339,100.000,,18,84.690,1.924,18,SEM,unclear,Experimental errors are S.E.M. (n = 18 per group for MTT,Não é apresentada a barra do controle com o erro padrão,386,9/5/2022,,
395,339,100.000,,18,81.010,5.361,18,SEM,unclear,Experimental errors are S.E.M. (n = 18 per group for MTT,Não é apresentada a barra do controle com o erro padrão,387,9/5/2022,,
396,340,100.100,4.706,18,71.760,2.794,18,SEM,unclear,Experimental errors are S.E.M. (n = 18 for MTT).,"Aβ1-
42 species: ADDLs",388,9/5/2022,,
397,340,100.300,4.412,18,68.530,1.618,18,SEM,unclear,Experimental errors are S.E.M. (n = 18 for MTT).,"Aβ1-
42 species: A+",389,9/5/2022,,
398,341,100.100,8.057,18,82.430,1.474,18,SEM,unclear,Experimental errors are S.E.M. (n = 18 for MTT).,Aβ1- 42 species: Lambert fibrils,390,9/5/2022,,
399,341,100.100,2.948,18,81.630,1.206,18,SEM,unclear,Experimental errors are S.E.M. (n = 18 for MTT).,Aβ1- 42 species: Ladiwala fibrils,391,9/5/2022,,
400,342,100.000,,4,100.600,,4,SD,replicates,"Each value represents mean±S.D. (n=4). Não deu para extrair o valor do desvio padrão. Pontos da curva dose x tempos de pré-incubação  muito próximos e desvios ""embolados""...",3h de pré-incubação do peptídeo Aß1-42 ,392,10/2/2022,,
401,342,100.000,,4,99.680,7.302,4,SD,replicates,Each value represents mean±S.D.,3h de pré-incubação do peptídeo Aß1-42 ,393,10/2/2022,,
402,342,100.000,,4,81.590,,4,SD,replicates,"Each value represents mean±S.D. (n=4). Não deu para extrair o valor do desvio padrão. Pontos da curva dose x tempos de pré-incubação  muito próximos e desvios ""embolados""...",3h de pré-incubação do peptídeo Aß1-42 ,394,10/3/2022,,
403,342,100.000,,4,77.780,,4,SD,replicates,"Each value represents mean±S.D. Não deu para extrair o valor do desvio padrão. Pontos da curva dose x tempos de pré-incubação  muito próximos e desvios ""embolados""...",3h de pré-incubação do peptídeo Aß1-42 ,395,10/3/2022,,
404,342,100.000,,4,73.650,,4,SD,replicates,"Each value represents mean±S.D. Não deu para extrair o valor do desvio padrão. Pontos da curva dose x tempos de pré-incubação  muito próximos e desvios ""embolados""...",3h de pré-incubação do peptídeo Aß1-42 ,396,10/3/2022,,
405,342,100.000,,4,69.210,,4,SD,replicates,"Each value represents mean±S.D. Não deu para extrair o valor do desvio padrão. Pontos da curva dose x tempos de pré-incubação  muito próximos e desvios ""embolados""...",3h de pré-incubação do peptídeo Aß1-42 ,397,10/3/2022,,
406,342,100.000,,4,66.350,,4,SD,replicates,"Each value represents mean±S.D. Não deu para extrair o valor do desvio padrão. Pontos da curva dose x tempos de pré-incubação  muito próximos e desvios ""embolados""...",3h de pré-incubação do peptídeo Aß1-42 ,398,10/3/2022,,
407,342,100.000,,4,60.320,,4,SD,replicates,"Each value represents mean±S.D. Não deu para extrair o valor do desvio padrão. Pontos da curva dose x tempos de pré-incubação  muito próximos e desvios ""embolados""...",3h de pré-incubação do peptídeo Aß1-42 ,399,10/3/2022,,
408,342,100.000,,4,54.920,,4,SD,replicates,"Each value represents mean±S.D. Não deu para extrair o valor do desvio padrão. Pontos da curva dose x tempos de pré-incubação  muito próximos e desvios ""embolados""...",3h de pré-incubação do peptídeo Aß1-42 ,400,10/3/2022,,
409,342,100.000,,4,59.050,,4,SD,replicates,"Each value represents mean±S.D. Não deu para extrair o valor do desvio padrão. Pontos da curva dose x tempos de pré-incubação  muito próximos e desvios ""embolados""...",3h de pré-incubação do peptídeo Aß1-42 ,401,10/3/2022,,
410,342,100.000,,4,52.380,,4,SD,replicates,"Each value represents mean±S.D. Não deu para extrair o valor do desvio padrão. Pontos da curva dose x tempos de pré-incubação  muito próximos e desvios ""embolados""...",3h de pré-incubação do peptídeo Aß1-42 ,402,10/3/2022,,
411,342,100.000,,4,99.370,,4,SD,replicates,"Each value represents mean±S.D. Não deu para extrair o valor do desvio padrão. Pontos da curva dose x tempos de pré-incubação  muito próximos e desvios ""embolados""...",6h de pré-incubação do peptídeo Aß1-42 ,403,10/3/2022,,
412,342,100.000,,4,87.940,,4,SD,replicates,"Each value represents mean±S.D. Não deu para extrair o valor do desvio padrão. Pontos da curva dose x tempos de pré-incubação  muito próximos e desvios ""embolados""...",6h de pré-incubação do peptídeo Aß1-42 ,404,10/3/2022,,
413,342,100.000,,4,72.700,8.889,4,SD,replicates,Each value represents mean±S.D.,6h de pré-incubação do peptídeo Aß1-42 ,405,10/3/2022,,
414,342,100.000,,4,74.600,,4,SD,replicates,"Each value represents mean±S.D. Não deu para extrair o valor do desvio padrão. Pontos da curva dose x tempos de pré-incubação  muito próximos e desvios ""embolados""...",6h de pré-incubação do peptídeo Aß1-42 ,406,10/3/2022,,
415,342,100.000,,4,67.300,,4,SD,replicates,"Each value represents mean±S.D. Não deu para extrair o valor do desvio padrão. Pontos da curva dose x tempos de pré-incubação  muito próximos e desvios ""embolados""...",6h de pré-incubação do peptídeo Aß1-42 ,407,10/3/2022,,
416,342,100.000,,4,65.710,,4,SD,replicates,"Each value represents mean±S.D. Não deu para extrair o valor do desvio padrão. Pontos da curva dose x tempos de pré-incubação  muito próximos e desvios ""embolados""...",6h de pré-incubação do peptídeo Aß1-42,408,10/3/2022,,
417,342,100.000,,4,57.140,8.889,4,SD,replicates,Each value represents mean±S.D.,6h de pré-incubação do peptídeo Aß1-42,409,10/3/2022,,
418,342,100.000,,4,59.370,,4,SD,replicates,"Each value represents mean±S.D. Não deu para extrair o valor do desvio padrão. Pontos da curva dose x tempos de pré-incubação  muito próximos e desvios ""embolados""...",6h de pré-incubação do peptídeo Aß1-42,410,10/3/2022,,
420,342,100.000,,4,58.730,7.937,4,SD,replicates,Each value represents mean±S.D.,6h de pré-incubação do peptídeo Aß1-42,411,10/3/2022,,
419,342,100.000,,4,61.590,,4,SD,replicates,"Each value represents mean±S.D. Não deu para extrair o valor do desvio padrão. Pontos da curva dose x tempos de pré-incubação  muito próximos e desvios ""embolados""...",6h de pré-incubação do peptídeo Aß1-42,412,10/3/2022,,
421,342,100.000,,4,56.830,3.810,4,SD,replicates,Each value represents mean±S.D.,6h de pré-incubação do peptídeo Aß1-42,413,10/3/2022,,
422,343,100.000,,4,67.420,6.389,4,SD,replicates,Each value represents mean±S.D. (n=4).,,414,10/3/2022,,
423,344,100.000,,4,58.400,4.202,4,SD,replicates,Each value represents mean±S.D. (n=4).,,415,10/3/2022,,
424,345,100.000,,4,67.580,6.849,4,SD,replicates,Each value represents mean±S.D. (n=4).,,416,10/3/2022,,
425,346,100.000,5.660,4,66.420,4.528,4,SD,replicates,Each value represents mean±S.D. (n=4). ,,417,10/3/2022,,
426,347,100.000,,4,99.100,,4,SD,replicates,"Each value represents mean±S.D. (n=4). Não deu para extrair o valor do desvio padrão. Pontos da curva dose x tempos de pré-incubação  muito próximos e desvios ""embolados""...",4h de incubação da cultura com o peptídeo Aß1-42,418,10/3/2022,,
427,347,100.000,,4,93.110,,4,SD,replicates,"Each value represents mean±S.D. (n=4). Não deu para extrair o valor do desvio padrão. Pontos da curva dose x tempos de pré-incubação  muito próximos e desvios ""embolados""...",4h de incubação da cultura com o peptídeo Aß1-42,419,10/3/2022,,
428,347,100.000,,4,92.220,,4,SD,replicates,"Each value represents mean±S.D. (n=4). Não deu para extrair o valor do desvio padrão. Pontos da curva dose x tempos de pré-incubação  muito próximos e desvios ""embolados""...",4h de incubação da cultura com o peptídeo Aß1-42,420,10/3/2022,,
429,347,100.000,,4,89.220,,4,SD,replicates,"Each value represents mean±S.D. (n=4). Não deu para extrair o valor do desvio padrão. Pontos da curva dose x tempos de pré-incubação  muito próximos e desvios ""embolados""...",4h de incubação da cultura com o peptídeo Aß1-42,421,10/3/2022,,
430,347,100.000,,4,82.040,,4,SD,replicates,"Each value represents mean±S.D. (n=4). Não deu para extrair o valor do desvio padrão. Pontos da curva dose x tempos de pré-incubação  muito próximos e desvios ""embolados""...",4h de incubação da cultura com o peptídeo Aß1-42,422,10/3/2022,,
431,347,100.000,,4,82.630,,4,SD,replicates,"Each value represents mean±S.D. (n=4). Não deu para extrair o valor do desvio padrão. Pontos da curva dose x tempos de pré-incubação  muito próximos e desvios ""embolados""...",4h de incubação da cultura com o peptídeo Aß1-42,423,10/3/2022,,
432,347,100.000,,4,76.950,,4,SD,replicates,"Each value represents mean±S.D. (n=4). Não deu para extrair o valor do desvio padrão. Pontos da curva dose x tempos de pré-incubação  muito próximos e desvios ""embolados""...",4h de incubação da cultura com o peptídeo Aß1-42,424,10/3/2022,,
433,347,100.000,,4,73.050,,4,SD,replicates,"Each value represents mean±S.D. (n=4). Não deu para extrair o valor do desvio padrão. Pontos da curva dose x tempos de pré-incubação  muito próximos e desvios ""embolados""...",4h de incubação da cultura com o peptídeo Aß1-42,425,10/3/2022,,
434,347,100.000,,4,70.360,,4,SD,replicates,"Each value represents mean±S.D. (n=4). Não deu para extrair o valor do desvio padrão. Pontos da curva dose x tempos de pré-incubação  muito próximos e desvios ""embolados""...",4h de incubação da cultura com o peptídeo Aß1-42,426,10/3/2022,,
435,347,100.000,,4,60.780,,4,SD,replicates,"Each value represents mean±S.D. (n=4). Não deu para extrair o valor do desvio padrão. Pontos da curva dose x tempos de pré-incubação  muito próximos e desvios ""embolados""...",4h de incubação da cultura com o peptídeo Aß1-42,427,10/3/2022,,
436,347,100.000,,4,52.690,,4,SD,replicates,"Each value represents mean±S.D. (n=4). Não deu para extrair o valor do desvio padrão. Pontos da curva dose x tempos de pré-incubação  muito próximos e desvios ""embolados""...",4h de incubação da cultura com o peptídeo Aß1-42,428,10/3/2022,,
437,347,100.000,,4,102.700,,4,SD,replicates,"Each value represents mean±S.D. (n=4). Não deu para extrair o valor do desvio padrão. Pontos da curva dose x tempos de pré-incubação  muito próximos e desvios ""embolados""...",8h de incubação da cultura com o peptídeo Aß1-42,429,10/3/2022,,
438,347,100.000,,4,90.690,,4,SD,replicates,"Each value represents mean±S.D. (n=4). Não deu para extrair o valor do desvio padrão. Pontos da curva dose x tempos de pré-incubação  muito próximos e desvios ""embolados""...",8h de incubação da cultura com o peptídeo Aß1-42,430,10/3/2022,,
439,347,100.000,,4,93.090,,4,SD,replicates,"Each value represents mean±S.D. (n=4). Não deu para extrair o valor do desvio padrão. Pontos da curva dose x tempos de pré-incubação  muito próximos e desvios ""embolados""...",8h de incubação da cultura com o peptídeo Aß1-42,431,10/3/2022,,
440,347,100.000,,4,90.090,,4,SD,replicates,"Each value represents mean±S.D. (n=4). Não deu para extrair o valor do desvio padrão. Pontos da curva dose x tempos de pré-incubação  muito próximos e desvios ""embolados""...",8h de incubação da cultura com o peptídeo Aß1-42,432,10/3/2022,,
441,347,100.000,,4,78.380,6.607,4,SD,replicates,Each value represents mean±S.D. (n=4). ,8h de incubação da cultura com o peptídeo Aß1-42,433,10/3/2022,,
442,347,100.000,,4,80.180,,4,SD,replicates,"Each value represents mean±S.D. (n=4). Não deu para extrair o valor do desvio padrão. Pontos da curva dose x tempos de pré-incubação  muito próximos e desvios ""embolados""...",8h de incubação da cultura com o peptídeo Aß1-42,434,10/3/2022,,
443,347,100.000,,4,78.080,5.405,4,SD,replicates,Each value represents mean±S.D. (n=4). ,8h de incubação da cultura com o peptídeo Aß1-42,435,10/3/2022,,
444,347,100.000,,4,73.870,,4,SD,replicates,"Each value represents mean±S.D. (n=4). Não deu para extrair o valor do desvio padrão. Pontos da curva dose x tempos de pré-incubação  muito próximos e desvios ""embolados""...",8h de incubação da cultura com o peptídeo Aß1-42,436,10/3/2022,,
445,347,100.000,,4,67.270,,4,SD,replicates,"Each value represents mean±S.D. (n=4). Não deu para extrair o valor do desvio padrão. Pontos da curva dose x tempos de pré-incubação  muito próximos e desvios ""embolados""...",8h de incubação da cultura com o peptídeo Aß1-42,437,10/3/2022,,
446,347,100.000,,4,57.960,,4,SD,replicates,"Each value represents mean±S.D. (n=4). Não deu para extrair o valor do desvio padrão. Pontos da curva dose x tempos de pré-incubação  muito próximos e desvios ""embolados""...",8h de incubação da cultura com o peptídeo Aß1-42,438,10/3/2022,,
447,347,100.000,,4,49.550,,4,SD,replicates,"Each value represents mean±S.D. (n=4). Não deu para extrair o valor do desvio padrão. Pontos da curva dose x tempos de pré-incubação  muito próximos e desvios ""embolados""...",8h de incubação da cultura com o peptídeo Aß1-42,439,10/3/2022,,
448,347,100.000,,4,103.300,,4,SD,replicates,"Each value represents mean±S.D. (n=4). Não deu para extrair o valor do desvio padrão. Pontos da curva dose x tempos de pré-incubação  muito próximos e desvios ""embolados""...",24h de incubação da cultura com o peptídeo Aß1-42,440,10/3/2022,,
449,347,100.000,,4,100.000,,4,SD,replicates,"Each value represents mean±S.D. (n=4). Não deu para extrair o valor do desvio padrão. Pontos da curva dose x tempos de pré-incubação  muito próximos e desvios ""embolados""...",24h de incubação da cultura com o peptídeo Aß1-42,441,10/3/2022,,
450,347,100.000,,4,97.600,,4,SD,replicates,"Each value represents mean±S.D. (n=4). Não deu para extrair o valor do desvio padrão. Pontos da curva dose x tempos de pré-incubação  muito próximos e desvios ""embolados""...",24h de incubação da cultura com o peptídeo Aß1-42,442,10/3/2022,,
451,347,100.000,,4,94.310,,4,SD,replicates,"Each value represents mean±S.D. (n=4). Não deu para extrair o valor do desvio padrão. Pontos da curva dose x tempos de pré-incubação  muito próximos e desvios ""embolados""...",24h de incubação da cultura com o peptídeo Aß1-42,443,10/3/2022,,
452,347,100.000,,4,87.720,1.198,4,SD,replicates,Each value represents mean±S.D. (n=4). ,24h de incubação da cultura com o peptídeo Aß1-42,444,10/3/2022,,
453,347,100.000,,4,86.530,2.096,4,SD,replicates,Each value represents mean±S.D. (n=4). ,24h de incubação da cultura com o peptídeo Aß1-42,445,10/3/2022,,
454,347,100.000,,4,71.560,,4,SD,replicates,"Each value represents mean±S.D. (n=4). Não deu para extrair o valor do desvio padrão. Pontos da curva dose x tempos de pré-incubação  muito próximos e desvios ""embolados""...",24h de incubação da cultura com o peptídeo Aß1-42,446,10/3/2022,,
455,347,100.000,,4,69.460,,4,SD,replicates,"Each value represents mean±S.D. (n=4). Não deu para extrair o valor do desvio padrão. Pontos da curva dose x tempos de pré-incubação  muito próximos e desvios ""embolados""...",24h de incubação da cultura com o peptídeo Aß1-42,447,10/3/2022,,
456,347,100.000,,4,59.280,1.796,4,SD,replicates,Each value represents mean±S.D. (n=4). ,24h de incubação da cultura com o peptídeo Aß1-42,448,10/3/2022,,
457,347,100.000,,4,54.190,1.497,4,SD,replicates,Each value represents mean±S.D. (n=4). ,24h de incubação da cultura com o peptídeo Aß1-42,449,10/3/2022,,
458,347,100.000,,4,55.090,,4,SD,replicates,"Each value represents mean±S.D. (n=4). Não deu para extrair o valor do desvio padrão. Pontos da curva dose x tempos de pré-incubação  muito próximos e desvios ""embolados""...",24h de incubação da cultura com o peptídeo Aß1-42,450,10/3/2022,,
459,348,100.000,,4,97.620,,4,SD,replicates,Each value represents mean±S.D. (n=4). Não é mostrada a barra do desvio padrão.,24h de incubação da cultura com o peptídeo Aß1-42,451,10/3/2022,,
460,348,100.000,,4,98.810,,4,SD,replicates,Each value represents mean±S.D. (n=4). Não é mostrada a barra do desvio padrão.,24h de incubação da cultura com o peptídeo Aß1-42,452,10/3/2022,,
461,348,100.000,,4,93.750,,4,SD,replicates,Each value represents mean±S.D. (n=4). Não é mostrada a barra do desvio padrão.,24h de incubação da cultura com o peptídeo Aß1-42,453,10/3/2022,,
462,348,100.000,,4,93.750,,4,SD,replicates,Each value represents mean±S.D. (n=4). Não é mostrada a barra do desvio padrão.,24h de incubação da cultura com o peptídeo Aß1-42,454,10/3/2022,,
463,348,100.000,,4,94.350,,4,SD,replicates,Each value represents mean±S.D. (n=4). Não é mostrada a barra do desvio padrão.,24h de incubação da cultura com o peptídeo Aß1-42,455,10/3/2022,,
464,348,100.000,,4,87.800,,4,SD,replicates,Each value represents mean±S.D. (n=4). Não é mostrada a barra do desvio padrão.,24h de incubação da cultura com o peptídeo Aß1-42,456,10/3/2022,,
465,348,100.000,,4,79.460,,4,SD,replicates,Each value represents mean±S.D. (n=4). Não é mostrada a barra do desvio padrão.,24h de incubação da cultura com o peptídeo Aß1-42,457,10/3/2022,,
466,348,100.000,,4,75.000,,4,SD,replicates,Each value represents mean±S.D. (n=4). Não é mostrada a barra do desvio padrão.,24h de incubação da cultura com o peptídeo Aß1-42,458,10/3/2022,,
467,348,100.000,,4,68.150,,4,SD,replicates,Each value represents mean±S.D. (n=4). Não é mostrada a barra do desvio padrão.,24h de incubação da cultura com o peptídeo Aß1-42,459,10/3/2022,,
468,348,100.000,,4,61.610,,4,SD,replicates,Each value represents mean±S.D. (n=4). Não é mostrada a barra do desvio padrão.,24h de incubação da cultura com o peptídeo Aß1-42,460,10/3/2022,,
469,348,100.000,,4,60.710,,4,SD,replicates,Each value represents mean±S.D. (n=4). Não é mostrada a barra do desvio padrão.,24h de incubação da cultura com o peptídeo Aß1-42,461,10/3/2022,,
470,348,100.000,,4,99.400,,4,SD,replicates,Each value represents mean±S.D. (n=4). Não é mostrada a barra do desvio padrão.,48h de incubação da cultura com o peptídeo Aß1-42,462,10/3/2022,,
471,348,100.000,,4,99.110,,4,SD,replicates,Each value represents mean±S.D. (n=4). Não é mostrada a barra do desvio padrão.,48h de incubação da cultura com o peptídeo Aß1-42,463,10/3/2022,,
472,348,100.000,,4,96.730,,4,SD,replicates,Each value represents mean±S.D. (n=4). Não é mostrada a barra do desvio padrão.,48h de incubação da cultura com o peptídeo Aß1-42,464,10/3/2022,,
473,348,100.000,,4,91.670,,4,SD,replicates,Each value represents mean±S.D. (n=4). Não é mostrada a barra do desvio padrão.,48h de incubação da cultura com o peptídeo Aß1-42,465,10/3/2022,,
474,348,100.000,,4,94.340,,4,SD,replicates,Each value represents mean±S.D. (n=4). Não é mostrada a barra do desvio padrão.,48h de incubação da cultura com o peptídeo Aß1-42,466,10/3/2022,,
475,348,100.000,,4,86.900,,4,SD,replicates,Each value represents mean±S.D. (n=4). Não é mostrada a barra do desvio padrão.,48h de incubação da cultura com o peptídeo Aß1-42,467,10/3/2022,,
476,348,100.000,,4,84.230,,4,SD,replicates,Each value represents mean±S.D. (n=4). Não é mostrada a barra do desvio padrão.,48h de incubação da cultura com o peptídeo Aß1-42,468,10/3/2022,,
477,348,100.000,,4,74.110,,4,SD,replicates,Each value represents mean±S.D. (n=4). Não é mostrada a barra do desvio padrão.,48h de incubação da cultura com o peptídeo Aß1-42,469,10/3/2022,,
478,348,100.000,,4,68.450,,4,SD,replicates,Each value represents mean±S.D. (n=4). Não é mostrada a barra do desvio padrão.,48h de incubação da cultura com o peptídeo Aß1-42,470,10/3/2022,,
479,348,100.000,,4,69.640,,4,SD,replicates,Each value represents mean±S.D. (n=4). Não é mostrada a barra do desvio padrão.,48h de incubação da cultura com o peptídeo Aß1-42,471,10/3/2022,,
480,348,100.000,,4,68.750,,4,SD,replicates,Each value represents mean±S.D. (n=4). Não é mostrada a barra do desvio padrão.,48h de incubação da cultura com o peptídeo Aß1-42,472,10/3/2022,,
481,348,100.000,,4,101.800,,4,SD,replicates,Each value represents mean±S.D. (n=4). Não é mostrada a barra do desvio padrão.,72h de incubação da cultura com o peptídeo Aß1-42,473,10/3/2022,,
482,348,100.000,,4,104.200,,4,SD,replicates,Each value represents mean±S.D. (n=4). Não é mostrada a barra do desvio padrão.,72h de incubação da cultura com o peptídeo Aß1-42,474,10/3/2022,,
483,348,100.000,,4,103.300,,4,SD,replicates,Each value represents mean±S.D. (n=4). Não é mostrada a barra do desvio padrão.,72h de incubação da cultura com o peptídeo Aß1-42,475,10/3/2022,,
484,348,100.000,,4,97.320,,4,SD,replicates,Each value represents mean±S.D. (n=4). Não é mostrada a barra do desvio padrão.,72h de incubação da cultura com o peptídeo Aß1-42,476,10/3/2022,,
485,348,100.000,,4,94.340,,4,SD,replicates,Each value represents mean±S.D. (n=4). Não é mostrada a barra do desvio padrão.,72h de incubação da cultura com o peptídeo Aß1-42,477,10/3/2022,,
486,348,100.000,,4,91.670,,4,SD,replicates,Each value represents mean±S.D. (n=4). Não é mostrada a barra do desvio padrão.,72h de incubação da cultura com o peptídeo Aß1-42,478,10/3/2022,,
487,348,100.000,,4,92.560,,4,SD,replicates,Each value represents mean±S.D. (n=4). Não é mostrada a barra do desvio padrão.,72h de incubação da cultura com o peptídeo Aß1-42,479,10/3/2022,,
488,348,100.000,,4,87.800,,4,SD,replicates,Each value represents mean±S.D. (n=4). Não é mostrada a barra do desvio padrão.,72h de incubação da cultura com o peptídeo Aß1-42,480,10/3/2022,,
489,348,100.000,,4,78.270,,4,SD,replicates,Each value represents mean±S.D. (n=4). Não é mostrada a barra do desvio padrão.,72h de incubação da cultura com o peptídeo Aß1-42,481,10/3/2022,,
490,348,100.000,,4,77.080,,4,SD,replicates,Each value represents mean±S.D. (n=4). Não é mostrada a barra do desvio padrão.,72h de incubação da cultura com o peptídeo Aß1-42,482,10/3/2022,,
491,348,100.000,,4,73.510,,4,SD,replicates,Each value represents mean±S.D. (n=4). Não é mostrada a barra do desvio padrão.,72h de incubação da cultura com o peptídeo Aß1-42,483,10/3/2022,,
492,348,100.000,,4,106.000,,4,SD,replicates,Each value represents mean±S.D. (n=4). Não é mostrada a barra do desvio padrão.,96h de incubação da cultura com o peptídeo Aß1-42,484,10/3/2022,,
493,348,100.000,,4,97.920,,4,SD,replicates,Each value represents mean±S.D. (n=4). Não é mostrada a barra do desvio padrão.,96h de incubação da cultura com o peptídeo Aß1-42,485,10/4/2022,,
494,348,100.000,,4,105.400,,4,SD,replicates,Each value represents mean±S.D. (n=4). Não é mostrada a barra do desvio padrão.,96h de incubação da cultura com o peptídeo Aß1-42,486,10/4/2022,,
495,348,100.000,,4,97.020,,4,SD,replicates,Each value represents mean±S.D. (n=4). Não é mostrada a barra do desvio padrão.,96h de incubação da cultura com o peptídeo Aß1-42,487,10/4/2022,,
496,348,100.000,,4,86.900,,4,SD,replicates,Each value represents mean±S.D. (n=4). Não é mostrada a barra do desvio padrão.,96h de incubação da cultura com o peptídeo Aß1-42,488,10/4/2022,,
497,348,100.000,,4,95.830,,4,SD,replicates,Each value represents mean±S.D. (n=4). Não é mostrada a barra do desvio padrão.,96h de incubação da cultura com o peptídeo Aß1-42,489,10/4/2022,,
498,348,100.000,,4,90.480,,4,SD,replicates,Each value represents mean±S.D. (n=4). Não é mostrada a barra do desvio padrão.,96h de incubação da cultura com o peptídeo Aß1-42,490,10/4/2022,,
499,348,100.000,,4,78.270,,4,SD,replicates,Each value represents mean±S.D. (n=4). Não é mostrada a barra do desvio padrão.,96h de incubação da cultura com o peptídeo Aß1-42,491,10/4/2022,,
500,348,100.000,,4,71.130,,4,SD,replicates,Each value represents mean±S.D. (n=4). Não é mostrada a barra do desvio padrão.,96h de incubação da cultura com o peptídeo Aß1-42,492,10/4/2022,,
501,348,100.000,,4,71.730,,4,SD,replicates,Each value represents mean±S.D. (n=4). Não é mostrada a barra do desvio padrão.,96h de incubação da cultura com o peptídeo Aß1-42,493,10/4/2022,,
502,348,100.000,,4,65.480,,4,SD,replicates,Each value represents mean±S.D. (n=4). Não é mostrada a barra do desvio padrão.,96h de incubação da cultura com o peptídeo Aß1-42,494,10/4/2022,,